DCLable,Mean,Sigma
0,8451.44931506849,428.374913822124
1,14416.0547945205,711.954732370926
2,7272.23561643836,365.361651846595
3,15888.7178082192,770.001912253667
4,12524.4109589041,629.789220705575
5,16623.3561643836,824.405929463573
6,5374.39178082192,277.091630891807
