,node name,location
0,DNode0,"[34.28248, -118.38854]"
1,DNode1,"[34.01042, -118.26859]"
2,DNode2,"[34.24736, -118.59424]"
3,DNode3,"[34.19792, -118.52167]"
4,DNode4,"[33.98903, -118.40829]"
5,DNode5,"[34.07237, -118.29063]"
6,DNode6,"[33.7843, -118.24615]"
7,TNode0,"[34.07458, -118.37127]"
8,TNode1,"[34.23396, -118.45665]"
9,ONode0,"[34.17015, -118.32526]"
10,ONode1,"[33.82915, -118.26518]"
11,ONode2,"[34.15069, -118.64696]"
12,ONode3,"[33.92508, -118.38809]"
